file	verdict	readability	redundant	recoverable	invariant	design	history
go/internal/gcpolicy/gcpolicy.go	MINOR	3	2	5	5	3	0
go/internal/core/phase.go	NEEDS-REFACTOR	2	5	8	8	12	0
go/internal/modelcatalog/catalog.go	MINOR	4	9	4	2	4	0
go/internal/core/cycle_worktree_teardown.go	MINOR	3	2	1	1	0	0
go/internal/contextfill/contextfill.go	MINOR	3	2	2	1	2	0
go/internal/bridge/clicontrol/clicontrol.go	MINOR	4	4	2	1	2	0
go/internal/cyclestate/state.go	NEEDS-REFACTOR	2	2	8	14	4	0
go/internal/gopkgpattern/gopkgpattern.go	MINOR	4	1	1	1	3	0
go/internal/envchain/envchain.go	MINOR	4	2	2	1	2	0
go/internal/envchain/typed.go	MINOR	4	2	3	2	1	2
go/internal/ciparity/graduation_prescription.go	MINOR	4	0	2	0	1	1
go/internal/panetrust/panetrust.go	NEEDS-REFACTOR	3	2	6	4	4	1
go/internal/bridge/launchintent.go	NEEDS-REFACTOR	2	1	3	2	2	0
go/internal/goalhash/goalhash.go	MINOR	4	2	2	1	0	2
go/internal/phaseoutputs/chainstatus.go	MINOR	4	3	5	4	1	1
go/internal/recovery/outcome.go	NEEDS-REFACTOR	2	0	5	4	0	0
go/internal/bridge/inbox/inbox.go	MINOR	4	5	4	1	3	0
go/internal/bridge/channel/enablement.go	MINOR	3	1	0	1	1	0
go/internal/treestate/treestate.go	MINOR	4	3	1	3	1	0
go/internal/phaseconfig/phaseconfig.go	MINOR	4	5	4	1	4	0
go/internal/bridge/launchoutcome/exit.go	MINOR	3	9	4	3	2	0
go/internal/bridge/driver.go	MINOR	3	6	1	1	3	0
go/internal/modelquery/lineage.go	MINOR	3	1	0	3	1	0
go/internal/runscope/runscope.go	MINOR	4	11	2	4	1	1
go/internal/failuregrade/failuregrade.go	MINOR	4	4	4	6	2	0
go/internal/modelcatalog/refresh.go	MINOR	4	4	4	1	2	0
go/internal/subagent/recursion.go	NEEDS-REFACTOR	3	1	5	2	2	0
go/internal/budgethistory/budgethistory.go	MINOR	4	5	5	3	2	0
go/internal/paths/paths.go	MINOR	3	10	3	2	8	0
go/internal/routingtest/spec.go	NEEDS-REFACTOR	2	9	31	3	3	0
go/internal/bridge/clicontrol/usage.go	MINOR	4	7	2	5	3	0
go/internal/ciparity/composedgates.go	MINOR	4	1	1	1	2	0
go/internal/shiperr/shiperr.go	MINOR	4	10	4	7	5	2
go/internal/llmcalls/record.go	MINOR	3	15	8	3	3	0
go/internal/phases/ship/manifest.go	NEEDS-REFACTOR	3	3	1	1	2	1
go/internal/phasetiming/phasetiming.go	MINOR	4	9	6	3	6	0
go/internal/phaseregistrar/registrar.go	NEEDS-REFACTOR	3	4	3	8	3	1
go/internal/config/routing_config.go	MINOR	3	5	10	3	4	0
go/internal/shipmanifest/porcelain.go	MINOR	3	1	2	4	1	1
go/internal/sysexec/sysexec.go	MINOR	4	3	1	2	2	0
go/test/fixtures/stress.go	MINOR	3	0	4	0	1	0
go/internal/apicover/entry.go	MINOR	4	0	1	1	3	0
go/internal/detectnested/detectnested.go	MINOR	4	3	1	0	0	0
go/internal/adapters/sandbox/confinement.go	MINOR	3	2	1	2	3	1
go/internal/cycleoutcome/cycleoutcome.go	NEEDS-REFACTOR	2	6	9	4	5	1
go/internal/phases/buildplanner/buildplanner.go	MINOR	4	8	1	4	1	2
go/internal/panetrust/extract.go	MINOR	4	5	3	4	2	0
go/internal/phases/swarmplan/swarmplan.go	MINOR	4	6	1	4	2	1
go/internal/bridge/recipe/recipe.go	MINOR	4	14	0	4	6	0
go/internal/phases/registry/registry.go	MINOR	4	3	1	1	2	0
go/internal/verdictcache/verdictcache.go	MINOR	3	10	4	3	2	0
go/internal/phaseio/output.go	MINOR	3	6	6	1	4	0
go/internal/phaseoutputs/phaseoutputs.go	MINOR	4	6	3	2	3	1
go/internal/phasestream/mask.go	MINOR	4	2	2	1	0	0
go/internal/phaseintegrity/repin_ifdrifted.go	MINOR	4	2	2	3	0	0
go/examples/secure-orchestrator/main.go	NEEDS-REFACTOR	3	16	9	0	2	1
go/internal/adapters/flock/flock.go	MINOR	4	1	2	1	1	0
go/internal/fleetbudget/fleetbudget.go	NEEDS-REFACTOR	3	9	9	3	2	0
go/internal/docsfloor/docsfloor.go	MINOR	3	4	5	3	3	0
go/internal/shipmanifest/shipmanifest.go	MINOR	4	6	4	5	2	0
go/internal/modelquery/latest.go	MINOR	4	0	2	0	4	0
go/internal/adapters/statemap/statemap.go	NEEDS-REFACTOR	3	5	3	4	3	0
go/internal/core/carryover/carryover.go	MINOR	4	7	1	2	4	2
go/internal/usageprobe/usageprobe.go	MINOR	4	4	4	2	1	1
